<?xml version="1.0" encoding="utf-8" standalone="no"?>
<configuration>
    <classpath>
        <entry>lib/ojdbc14.jar</entry>
        <entry>lib/sqljdbc4.jar</entry>
        <entry>lib/mysql-connector-java-8.0.20.jar</entry>
        <entry>lib/postgresql-8.2-505.jdbc2.jar</entry>
    </classpath>
    <connections>
        <database name="mysql">
            <driverClass>com.mysql.cj.jdbc.Driver</driverClass>
            <url>jdbc:mysql://localhost:3306/report?useUnicode=true&amp;characterEncoding=utf8&amp;serverTimezone=GMT%2B8&amp;useSSL=false&amp;allowPublicKeyRetrieval=true&amp;nullCatalogMeansCurrent=true</url>
            <username>root</username>
            <password>root</password>
            <schema/>
        </database>
    </connections>
    <targetProject>targetProject</targetProject>
    <basePackage>com.springreport</basePackage>
    <moduleName>报表系统</moduleName>
    <templates>
        <template engine="freemarker" id="view" name="view.ftl" selected="false">
            <templateFile>view.ftl</templateFile>
            <targetPath>${targetProject}\\plat\\src\\main\\webapp\\${table.className?lower_case}</targetPath>
            <targetFileName>${table.className}.vue</targetFileName>
            <encoding>UTF-8</encoding>
        </template>
        <template engine="freemarker" id="js" name="js.ftl" selected="false">
            <templateFile>js.ftl</templateFile>
            <targetPath>${targetProject}\\plat\\src\\main\\webapp\\${table.className?lower_case}</targetPath>
            <targetFileName>${table.className}.js</targetFileName>
            <encoding>UTF-8</encoding>
        </template>
        <template engine="freemarker" id="entity" name="entity.ftl" selected="true">
            <templateFile>entity.ftl</templateFile>
            <targetPath>${targetProject}\\plat\\src\\main\\java\\${basePackage}.entity.${table.className?lower_case}</targetPath>
            <targetFileName>${table.className}.java</targetFileName>
            <encoding>UTF-8</encoding>
        </template>
        <template engine="freemarker" id="controller" name="controller.ftl" selected="false">
            <templateFile>controller.ftl</templateFile>
            <targetPath>${targetProject}\\plat\\src\\main\\java\\${basePackage}.controller.${table.className?lower_case}</targetPath>
            <targetFileName>${table.className}Controller.java</targetFileName>
            <encoding>UTF-8</encoding>
        </template>
        <template engine="freemarker" id="iservice" name="iservice.ftl" selected="false">
            <templateFile>iservice.ftl</templateFile>
            <targetPath>${targetProject}\\plat\\src\\main\\java\\${basePackage}.api.${table.className?lower_case}</targetPath>
            <targetFileName>I${table.className}Service.java</targetFileName>
            <encoding>UTF-8</encoding>
        </template>
        <template engine="freemarker" id="iserviaceimpl" name="iserviceimpl.ftl" selected="false">
            <templateFile>iserviceimpl.ftl</templateFile>
            <targetPath>${targetProject}\\plat\\src\\main\\java\\${basePackage}.impl.${table.className?lower_case}</targetPath>
            <targetFileName>${table.className}ServiceImpl.java</targetFileName>
            <encoding>UTF-8</encoding>
        </template>
        <template engine="freemarker" id="mapper" name="mapper.ftl" selected="false">
            <templateFile>mapper.ftl</templateFile>
            <targetPath>${targetProject}\\plat\\src\\main\\java\\${basePackage}.mapper.${table.className?lower_case}</targetPath>
            <targetFileName>${table.className}Mapper.java</targetFileName>
            <encoding>UTF-8</encoding>
        </template>
        <template engine="freemarker" id="sqlmapper" name="sql_mapper.ftl" selected="true">
            <templateFile>sql_mapper.ftl</templateFile>
            <targetPath>${targetProject}\\plat\\src\\main\\resources\\mybatis.mapper.${table.className?lower_case}.auto</targetPath>
            <targetFileName>${table.className}Mapper.xml</targetFileName>
            <encoding>UTF-8</encoding>
        </template>
    </templates>
</configuration>
